STFID,STFIDNUM,COUNTYNAME,TRACT,BLKGRP,LOW,LOWMOD,LOWMODUNIV,LOWMODPCT,BLKGRPLABEL,TRACTLABEL,LABELFULL
080310002012,80310002012.0,Denver County,000201,2,615.0,1200.0,2225.0,0.5393,Block Group 2,Tract 2.01,Tract 2.01 Block Group 2
080310044031,80310044031.0,Denver County,004403,1,245.0,640.0,775.0,0.8258,Block Group 1,Tract 44.03,Tract 44.03 Block Group 1
080310003024,80310003024.0,Denver County,000302,4,0.0,20.0,725.0,0.0276,Block Group 4,Tract 3.02,Tract 3.02 Block Group 4
080310030032,80310030032.0,Denver County,003003,2,350.0,490.0,515.0,0.9515,Block Group 2,Tract 30.03,Tract 30.03 Block Group 2
080310021004,80310021004.0,Denver County,002100,4,130.0,280.0,520.0,0.5385,Block Group 4,Tract 21,Tract 21 Block Group 4
080310003035,80310003035.0,Denver County,000303,5,35.0,200.0,800.0,0.25,Block Group 5,Tract 3.03,Tract 3.03 Block Group 5
080310044054,80310044054.0,Denver County,004405,4,800.0,1025.0,4055.0,0.2528,Block Group 4,Tract 44.05,Tract 44.05 Block Group 4
080310068104,80310068104.0,Denver County,006810,4,425.0,740.0,1655.0,0.4471,Block Group 4,Tract 68.10,Tract 68.10 Block Group 4
080310009025,80310009025.0,Denver County,000902,5,725.0,935.0,1530.0,0.6111,Block Group 5,Tract 9.02,Tract 9.02 Block Group 5
080310039011,80310039011.0,Denver County,003901,1,95.0,165.0,2105.0,0.0784,Block Group 1,Tract 39.01,Tract 39.01 Block Group 1
080310035001,80310035001.0,Denver County,003500,1,655.0,720.0,1000.0,0.72,Block Group 1,Tract 35,Tract 35 Block Group 1
080310007025,80310007025.0,Denver County,000702,5,230.0,230.0,400.0,0.575,Block Group 5,Tract 7.02,Tract 7.02 Block Group 5
080310041032,80310041032.0,Denver County,004103,2,70.0,285.0,705.0,0.4043,Block Group 2,Tract 41.03,Tract 41.03 Block Group 2
080310068101,80310068101.0,Denver County,006810,1,85.0,395.0,880.0,0.4489,Block Group 1,Tract 68.10,Tract 68.10 Block Group 1
080310032012,80310032012.0,Denver County,003201,2,540.0,765.0,1495.0,0.5117,Block Group 2,Tract 32.01,Tract 32.01 Block Group 2
080310044033,80310044033.0,Denver County,004403,3,480.0,785.0,1420.0,0.5528,Block Group 3,Tract 44.03,Tract 44.03 Block Group 3
080310068091,80310068091.0,Denver County,006809,1,0.0,195.0,960.0,0.2031,Block Group 1,Tract 68.09,Tract 68.09 Block Group 1
080310029012,80310029012.0,Denver County,002901,2,330.0,570.0,1105.0,0.5158,Block Group 2,Tract 29.01,Tract 29.01 Block Group 2
080310037023,80310037023.0,Denver County,003702,3,255.0,510.0,940.0,0.5426,Block Group 3,Tract 37.02,Tract 37.02 Block Group 3
080310028012,80310028012.0,Denver County,002801,2,165.0,330.0,845.0,0.3905,Block Group 2,Tract 28.01,Tract 28.01 Block Group 2
080310120011,80310120011.0,Denver County,012001,1,405.0,580.0,1325.0,0.4377,Block Group 1,Tract 120.01,Tract 120.01 Block Group 1
080310003021,80310003021.0,Denver County,000302,1,125.0,165.0,875.0,0.1886,Block Group 1,Tract 3.02,Tract 3.02 Block Group 1
080310033001,80310033001.0,Denver County,003300,1,80.0,150.0,1150.0,0.1304,Block Group 1,Tract 33,Tract 33 Block Group 1
080310009023,80310009023.0,Denver County,000902,3,440.0,680.0,1065.0,0.6385,Block Group 3,Tract 9.02,Tract 9.02 Block Group 3
080310031011,80310031011.0,Denver County,003101,1,405.0,655.0,1445.0,0.4533,Block Group 1,Tract 31.01,Tract 31.01 Block Group 1
080310119022,80310119022.0,Denver County,011902,2,340.0,525.0,1495.0,0.3512,Block Group 2,Tract 119.02,Tract 119.02 Block Group 2
080310070884,80310070884.0,Denver County,007088,4,175.0,405.0,1060.0,0.3821,Block Group 4,Tract 70.88,Tract 70.88 Block Group 4
080310040022,80310040022.0,Denver County,004002,2,10.0,90.0,760.0,0.1184,Block Group 2,Tract 40.02,Tract 40.02 Block Group 2
080310043032,80310043032.0,Denver County,004303,2,120.0,125.0,1125.0,0.1111,Block Group 2,Tract 43.03,Tract 43.03 Block Group 2
080310032033,80310032033.0,Denver County,003203,3,30.0,145.0,1155.0,0.1255,Block Group 3,Tract 32.03,Tract 32.03 Block Group 3
080310050024,80310050024.0,Denver County,005002,4,1730.0,2505.0,2950.0,0.8492,Block Group 4,Tract 50.02,Tract 50.02 Block Group 4
080310032022,80310032022.0,Denver County,003202,2,170.0,285.0,780.0,0.3654,Block Group 2,Tract 32.02,Tract 32.02 Block Group 2
080310028024,80310028024.0,Denver County,002802,4,445.0,690.0,1045.0,0.6603,Block Group 4,Tract 28.02,Tract 28.02 Block Group 4
080310030012,80310030012.0,Denver County,003001,2,420.0,555.0,1285.0,0.4319,Block Group 2,Tract 30.01,Tract 30.01 Block Group 2
080310039013,80310039013.0,Denver County,003901,3,85.0,125.0,1535.0,0.0814,Block Group 3,Tract 39.01,Tract 39.01 Block Group 3
080310027031,80310027031.0,Denver County,002703,1,710.0,1040.0,1645.0,0.6322,Block Group 1,Tract 27.03,Tract 27.03 Block Group 1
080310068096,80310068096.0,Denver County,006809,6,120.0,290.0,610.0,0.4754,Block Group 6,Tract 68.09,Tract 68.09 Block Group 6
080310051022,80310051022.0,Denver County,005102,2,60.0,135.0,540.0,0.25,Block Group 2,Tract 51.02,Tract 51.02 Block Group 2
080310068132,80310068132.0,Denver County,006813,2,1340.0,1595.0,1925.0,0.8286,Block Group 2,Tract 68.13,Tract 68.13 Block Group 2
080310070372,80310070372.0,Denver County,007037,2,550.0,730.0,945.0,0.7725,Block Group 2,Tract 70.37,Tract 70.37 Block Group 2
080310120142,80310120142.0,Denver County,012014,2,910.0,1240.0,2370.0,0.5232,Block Group 2,Tract 120.14,Tract 120.14 Block Group 2
080310027032,80310027032.0,Denver County,002703,2,600.0,900.0,1385.0,0.6498,Block Group 2,Tract 27.03,Tract 27.03 Block Group 2
080310027012,80310027012.0,Denver County,002701,2,350.0,630.0,1245.0,0.506,Block Group 2,Tract 27.01,Tract 27.01 Block Group 2
080310068094,80310068094.0,Denver County,006809,4,185.0,845.0,1200.0,0.7042,Block Group 4,Tract 68.09,Tract 68.09 Block Group 4
080310034022,80310034022.0,Denver County,003402,2,170.0,375.0,2525.0,0.1485,Block Group 2,Tract 34.02,Tract 34.02 Block Group 2
080310041033,80310041033.0,Denver County,004103,3,50.0,175.0,965.0,0.1813,Block Group 3,Tract 41.03,Tract 41.03 Block Group 3
080310048012,80310048012.0,Denver County,004801,2,270.0,630.0,1605.0,0.3925,Block Group 2,Tract 48.01,Tract 48.01 Block Group 2
080310043064,80310043064.0,Denver County,004306,4,75.0,210.0,910.0,0.2308,Block Group 4,Tract 43.06,Tract 43.06 Block Group 4
080310083123,80310083123.0,Denver County,008312,3,1170.0,1650.0,2590.0,0.6371,Block Group 3,Tract 83.12,Tract 83.12 Block Group 3
080310068143,80310068143.0,Denver County,006814,3,245.0,655.0,1695.0,0.3864,Block Group 3,Tract 68.14,Tract 68.14 Block Group 3
080310083121,80310083121.0,Denver County,008312,1,890.0,1870.0,2765.0,0.6763,Block Group 1,Tract 83.12,Tract 83.12 Block Group 1
080310043023,80310043023.0,Denver County,004302,3,145.0,300.0,710.0,0.4225,Block Group 3,Tract 43.02,Tract 43.02 Block Group 3
080310042014,80310042014.0,Denver County,004201,4,240.0,305.0,875.0,0.3486,Block Group 4,Tract 42.01,Tract 42.01 Block Group 4
080310032021,80310032021.0,Denver County,003202,1,345.0,605.0,995.0,0.608,Block Group 1,Tract 32.02,Tract 32.02 Block Group 1
080310024021,80310024021.0,Denver County,002402,1,340.0,545.0,995.0,0.5477,Block Group 1,Tract 24.02,Tract 24.02 Block Group 1
080310010001,80310010001.0,Denver County,001000,1,900.0,1275.0,1510.0,0.8444,Block Group 1,Tract 10,Tract 10 Block Group 1
080310041022,80310041022.0,Denver County,004102,2,435.0,570.0,895.0,0.6369,Block Group 2,Tract 41.02,Tract 41.02 Block Group 2
080310040063,80310040063.0,Denver County,004006,3,220.0,315.0,945.0,0.3333,Block Group 3,Tract 40.06,Tract 40.06 Block Group 3
080310036013,80310036013.0,Denver County,003601,3,1070.0,1300.0,1730.0,0.7514,Block Group 3,Tract 36.01,Tract 36.01 Block Group 3
080310017015,80310017015.0,Denver County,001701,5,160.0,265.0,720.0,0.3681,Block Group 5,Tract 17.01,Tract 17.01 Block Group 5
080310028031,80310028031.0,Denver County,002803,1,175.0,435.0,760.0,0.5724,Block Group 1,Tract 28.03,Tract 28.03 Block Group 1
080310014031,80310014031.0,Denver County,001403,1,470.0,975.0,1810.0,0.5387,Block Group 1,Tract 14.03,Tract 14.03 Block Group 1
080310046022,80310046022.0,Denver County,004602,2,330.0,1190.0,3035.0,0.3921,Block Group 2,Tract 46.02,Tract 46.02 Block Group 2
080310024022,80310024022.0,Denver County,002402,2,320.0,385.0,755.0,0.5099,Block Group 2,Tract 24.02,Tract 24.02 Block Group 2
080310013022,80310013022.0,Denver County,001302,2,515.0,615.0,1055.0,0.5829,Block Group 2,Tract 13.02,Tract 13.02 Block Group 2
080310154001,80310154001.0,Denver County,015400,1,355.0,490.0,1180.0,0.4153,Block Group 1,Tract 154,Tract 154 Block Group 1
080310038002,80310038002.0,Denver County,003800,2,75.0,115.0,570.0,0.2018,Block Group 2,Tract 38,Tract 38 Block Group 2
080310041042,80310041042.0,Denver County,004104,2,295.0,440.0,955.0,0.4607,Block Group 2,Tract 41.04,Tract 41.04 Block Group 2
080310009024,80310009024.0,Denver County,000902,4,890.0,1500.0,1910.0,0.7853,Block Group 4,Tract 9.02,Tract 9.02 Block Group 4
080310050021,80310050021.0,Denver County,005002,1,100.0,180.0,650.0,0.2769,Block Group 1,Tract 50.02,Tract 50.02 Block Group 1
080310027034,80310027034.0,Denver County,002703,4,285.0,445.0,1005.0,0.4428,Block Group 4,Tract 27.03,Tract 27.03 Block Group 4
080310024032,80310024032.0,Denver County,002403,2,245.0,325.0,845.0,0.3846,Block Group 2,Tract 24.03,Tract 24.03 Block Group 2
080310043044,80310043044.0,Denver County,004304,4,490.0,650.0,1690.0,0.3846,Block Group 4,Tract 43.04,Tract 43.04 Block Group 4
080310047003,80310047003.0,Denver County,004700,3,50.0,320.0,750.0,0.4267,Block Group 3,Tract 47,Tract 47 Block Group 3
080310036021,80310036021.0,Denver County,003602,1,745.0,1010.0,1200.0,0.8417,Block Group 1,Tract 36.02,Tract 36.02 Block Group 1
080310083892,80310083892.0,Denver County,008389,2,270.0,745.0,1785.0,0.4174,Block Group 2,Tract 83.89,Tract 83.89 Block Group 2
080310050022,80310050022.0,Denver County,005002,2,415.0,585.0,825.0,0.7091,Block Group 2,Tract 50.02,Tract 50.02 Block Group 2
080310011012,80310011012.0,Denver County,001101,2,615.0,630.0,650.0,0.9692,Block Group 2,Tract 11.01,Tract 11.01 Block Group 2
080310120144,80310120144.0,Denver County,012014,4,605.0,1075.0,1815.0,0.5923,Block Group 4,Tract 120.14,Tract 120.14 Block Group 4
080310083061,80310083061.0,Denver County,008306,1,430.0,580.0,790.0,0.7342,Block Group 1,Tract 83.06,Tract 83.06 Block Group 1
080310044041,80310044041.0,Denver County,004404,1,930.0,1050.0,1715.0,0.6122,Block Group 1,Tract 44.04,Tract 44.04 Block Group 1
080310083051,80310083051.0,Denver County,008305,1,1065.0,1215.0,1370.0,0.8869,Block Group 1,Tract 83.05,Tract 83.05 Block Group 1
080310045052,80310045052.0,Denver County,004505,2,535.0,755.0,770.0,0.9805,Block Group 2,Tract 45.05,Tract 45.05 Block Group 2
080310068103,80310068103.0,Denver County,006810,3,65.0,175.0,715.0,0.2448,Block Group 3,Tract 68.10,Tract 68.10 Block Group 3
080310070892,80310070892.0,Denver County,007089,2,735.0,1090.0,1400.0,0.7786,Block Group 2,Tract 70.89,Tract 70.89 Block Group 2
080310009032,80310009032.0,Denver County,000903,2,535.0,800.0,1275.0,0.6275,Block Group 2,Tract 9.03,Tract 9.03 Block Group 2
080310047006,80310047006.0,Denver County,004700,6,1565.0,2135.0,2480.0,0.8609,Block Group 6,Tract 47,Tract 47 Block Group 6
080310014023,80310014023.0,Denver County,001402,3,1135.0,1185.0,1335.0,0.8876,Block Group 3,Tract 14.02,Tract 14.02 Block Group 3
080310083053,80310083053.0,Denver County,008305,3,700.0,1085.0,1835.0,0.5913,Block Group 3,Tract 83.05,Tract 83.05 Block Group 3
080310002021,80310002021.0,Denver County,000202,1,670.0,695.0,725.0,0.9586,Block Group 1,Tract 2.02,Tract 2.02 Block Group 1
080310021005,80310021005.0,Denver County,002100,5,540.0,735.0,1505.0,0.4884,Block Group 5,Tract 21,Tract 21 Block Group 5
080310153001,80310153001.0,Denver County,015300,1,615.0,915.0,1415.0,0.6466,Block Group 1,Tract 153,Tract 153 Block Group 1
080310011013,80310011013.0,Denver County,001101,3,180.0,515.0,815.0,0.6319,Block Group 3,Tract 11.01,Tract 11.01 Block Group 3
080310044051,80310044051.0,Denver County,004405,1,215.0,305.0,1710.0,0.1784,Block Group 1,Tract 44.05,Tract 44.05 Block Group 1
080310007011,80310007011.0,Denver County,000701,1,930.0,1100.0,1325.0,0.8302,Block Group 1,Tract 7.01,Tract 7.01 Block Group 1
080310083893,80310083893.0,Denver County,008389,3,1040.0,2670.0,6545.0,0.4079,Block Group 3,Tract 83.89,Tract 83.89 Block Group 3
080310014012,80310014012.0,Denver County,001401,2,125.0,255.0,600.0,0.425,Block Group 2,Tract 14.01,Tract 14.01 Block Group 2
080310070893,80310070893.0,Denver County,007089,3,905.0,1200.0,1580.0,0.7595,Block Group 3,Tract 70.89,Tract 70.89 Block Group 3
080310069013,80310069013.0,Denver County,006901,3,275.0,425.0,485.0,0.8763,Block Group 3,Tract 69.01,Tract 69.01 Block Group 3
080310001021,80310001021.0,Denver County,000102,1,135.0,225.0,975.0,0.2308,Block Group 1,Tract 1.02,Tract 1.02 Block Group 1
080310002024,80310002024.0,Denver County,000202,4,265.0,445.0,880.0,0.5057,Block Group 4,Tract 2.02,Tract 2.02 Block Group 4
080310046033,80310046033.0,Denver County,004603,3,385.0,635.0,1020.0,0.6225,Block Group 3,Tract 46.03,Tract 46.03 Block Group 3
080310041045,80310041045.0,Denver County,004104,5,120.0,200.0,805.0,0.2484,Block Group 5,Tract 41.04,Tract 41.04 Block Group 5
080310014022,80310014022.0,Denver County,001402,2,255.0,485.0,735.0,0.6599,Block Group 2,Tract 14.02,Tract 14.02 Block Group 2
080310042022,80310042022.0,Denver County,004202,2,55.0,90.0,730.0,0.1233,Block Group 2,Tract 42.02,Tract 42.02 Block Group 2
080310021002,80310021002.0,Denver County,002100,2,630.0,785.0,1470.0,0.534,Block Group 2,Tract 21,Tract 21 Block Group 2
080310043042,80310043042.0,Denver County,004304,2,130.0,200.0,1115.0,0.1794,Block Group 2,Tract 43.04,Tract 43.04 Block Group 2
080310003031,80310003031.0,Denver County,000303,1,235.0,325.0,675.0,0.4815,Block Group 1,Tract 3.03,Tract 3.03 Block Group 1
080310039012,80310039012.0,Denver County,003901,2,145.0,180.0,1090.0,0.1651,Block Group 2,Tract 39.01,Tract 39.01 Block Group 2
080310014011,80310014011.0,Denver County,001401,1,785.0,820.0,1000.0,0.82,Block Group 1,Tract 14.01,Tract 14.01 Block Group 1
080310070131,80310070131.0,Denver County,007013,1,710.0,1355.0,2255.0,0.6009,Block Group 1,Tract 70.13,Tract 70.13 Block Group 1
080310050023,80310050023.0,Denver County,005002,3,1000.0,1130.0,1930.0,0.5855,Block Group 3,Tract 50.02,Tract 50.02 Block Group 3
080310043043,80310043043.0,Denver County,004304,3,430.0,530.0,1785.0,0.2969,Block Group 3,Tract 43.04,Tract 43.04 Block Group 3
080310036024,80310036024.0,Denver County,003602,4,370.0,475.0,985.0,0.4822,Block Group 4,Tract 36.02,Tract 36.02 Block Group 4
080310032023,80310032023.0,Denver County,003202,3,395.0,675.0,1200.0,0.5625,Block Group 3,Tract 32.02,Tract 32.02 Block Group 3
080310030011,80310030011.0,Denver County,003001,1,160.0,255.0,1010.0,0.2525,Block Group 1,Tract 30.01,Tract 30.01 Block Group 1
080310070883,80310070883.0,Denver County,007088,3,440.0,615.0,1210.0,0.5083,Block Group 3,Tract 70.88,Tract 70.88 Block Group 3
080310002011,80310002011.0,Denver County,000201,1,505.0,805.0,1675.0,0.4806,Block Group 1,Tract 2.01,Tract 2.01 Block Group 1
080310046034,80310046034.0,Denver County,004603,4,400.0,850.0,1465.0,0.5802,Block Group 4,Tract 46.03,Tract 46.03 Block Group 4
080310039022,80310039022.0,Denver County,003902,2,260.0,450.0,1865.0,0.2413,Block Group 2,Tract 39.02,Tract 39.02 Block Group 2
080310045042,80310045042.0,Denver County,004504,2,795.0,1420.0,1805.0,0.7867,Block Group 2,Tract 45.04,Tract 45.04 Block Group 2
080310083882,80310083882.0,Denver County,008388,2,510.0,655.0,1145.0,0.5721,Block Group 2,Tract 83.88,Tract 83.88 Block Group 2
080310026012,80310026012.0,Denver County,002601,2,810.0,1140.0,1575.0,0.7238,Block Group 2,Tract 26.01,Tract 26.01 Block Group 2
080310040024,80310040024.0,Denver County,004002,4,85.0,235.0,950.0,0.2474,Block Group 4,Tract 40.02,Tract 40.02 Block Group 4
080310017013,80310017013.0,Denver County,001701,3,100.0,120.0,295.0,0.4068,Block Group 3,Tract 17.01,Tract 17.01 Block Group 3
080310033004,80310033004.0,Denver County,003300,4,85.0,125.0,565.0,0.2212,Block Group 4,Tract 33,Tract 33 Block Group 4
080310037022,80310037022.0,Denver County,003702,2,100.0,155.0,1145.0,0.1354,Block Group 2,Tract 37.02,Tract 37.02 Block Group 2
080310041012,80310041012.0,Denver County,004101,2,1065.0,1245.0,1435.0,0.8676,Block Group 2,Tract 41.01,Tract 41.01 Block Group 2
080310055032,80310055032.0,Denver County,005503,2,580.0,1000.0,1865.0,0.5362,Block Group 2,Tract 55.03,Tract 55.03 Block Group 2
080310043033,80310043033.0,Denver County,004303,3,65.0,145.0,520.0,0.2788,Block Group 3,Tract 43.03,Tract 43.03 Block Group 3
080310068133,80310068133.0,Denver County,006813,3,605.0,1085.0,1565.0,0.6933,Block Group 3,Tract 68.13,Tract 68.13 Block Group 3
080310034011,80310034011.0,Denver County,003401,1,55.0,65.0,485.0,0.134,Block Group 1,Tract 34.01,Tract 34.01 Block Group 1
080310037024,80310037024.0,Denver County,003702,4,275.0,755.0,1225.0,0.6163,Block Group 4,Tract 37.02,Tract 37.02 Block Group 4
080310030014,80310030014.0,Denver County,003001,4,330.0,405.0,1205.0,0.3361,Block Group 4,Tract 30.01,Tract 30.01 Block Group 4
080310030041,80310030041.0,Denver County,003004,1,1065.0,1220.0,1610.0,0.7578,Block Group 1,Tract 30.04,Tract 30.04 Block Group 1
080310014021,80310014021.0,Denver County,001402,1,625.0,980.0,1090.0,0.8991,Block Group 1,Tract 14.02,Tract 14.02 Block Group 1
080310035004,80310035004.0,Denver County,003500,4,660.0,825.0,1130.0,0.7301,Block Group 4,Tract 35,Tract 35 Block Group 4
080310045043,80310045043.0,Denver County,004504,3,275.0,690.0,895.0,0.7709,Block Group 3,Tract 45.04,Tract 45.04 Block Group 3
080310045061,80310045061.0,Denver County,004506,1,320.0,535.0,635.0,0.8425,Block Group 1,Tract 45.06,Tract 45.06 Block Group 1
080310005022,80310005022.0,Denver County,000502,2,390.0,510.0,1330.0,0.3835,Block Group 2,Tract 5.02,Tract 5.02 Block Group 2
080310050011,80310050011.0,Denver County,005001,1,755.0,1085.0,1780.0,0.6096,Block Group 1,Tract 50.01,Tract 50.01 Block Group 1
080310068122,80310068122.0,Denver County,006812,2,265.0,370.0,1080.0,0.3426,Block Group 2,Tract 68.12,Tract 68.12 Block Group 2
080310013021,80310013021.0,Denver County,001302,1,540.0,1030.0,1650.0,0.6242,Block Group 1,Tract 13.02,Tract 13.02 Block Group 1
080310053001,80310053001.0,Denver County,005300,1,500.0,805.0,1340.0,0.6007,Block Group 1,Tract 53,Tract 53 Block Group 1
080310070132,80310070132.0,Denver County,007013,2,190.0,375.0,1255.0,0.2988,Block Group 2,Tract 70.13,Tract 70.13 Block Group 2
080310036025,80310036025.0,Denver County,003602,5,260.0,525.0,685.0,0.7664,Block Group 5,Tract 36.02,Tract 36.02 Block Group 5
080310046031,80310046031.0,Denver County,004603,1,630.0,1230.0,1295.0,0.9498,Block Group 1,Tract 46.03,Tract 46.03 Block Group 1
080310032015,80310032015.0,Denver County,003201,5,110.0,185.0,705.0,0.2624,Block Group 5,Tract 32.01,Tract 32.01 Block Group 5
080310032013,80310032013.0,Denver County,003201,3,310.0,665.0,1335.0,0.4981,Block Group 3,Tract 32.01,Tract 32.01 Block Group 3
080310001023,80310001023.0,Denver County,000102,3,200.0,340.0,725.0,0.469,Block Group 3,Tract 1.02,Tract 1.02 Block Group 3
080310156002,80310156002.0,Denver County,015600,2,1130.0,1685.0,1930.0,0.8731,Block Group 2,Tract 156,Tract 156 Block Group 2
080310047005,80310047005.0,Denver County,004700,5,375.0,560.0,1460.0,0.3836,Block Group 5,Tract 47,Tract 47 Block Group 5
080310011014,80310011014.0,Denver County,001101,4,175.0,475.0,745.0,0.6376,Block Group 4,Tract 11.01,Tract 11.01 Block Group 4
080310040032,80310040032.0,Denver County,004003,2,255.0,335.0,1425.0,0.2351,Block Group 2,Tract 40.03,Tract 40.03 Block Group 2
080310154004,80310154004.0,Denver County,015400,4,250.0,345.0,740.0,0.4662,Block Group 4,Tract 154,Tract 154 Block Group 4
080310034021,80310034021.0,Denver County,003402,1,45.0,80.0,1250.0,0.064,Block Group 1,Tract 34.02,Tract 34.02 Block Group 1
080310041021,80310041021.0,Denver County,004102,1,330.0,510.0,855.0,0.5965,Block Group 1,Tract 41.02,Tract 41.02 Block Group 1
080310019012,80310019012.0,Denver County,001901,2,1065.0,1335.0,1635.0,0.8165,Block Group 2,Tract 19.01,Tract 19.01 Block Group 2
080310023002,80310023002.0,Denver County,002300,2,270.0,320.0,1075.0,0.2977,Block Group 2,Tract 23,Tract 23 Block Group 2
080310004013,80310004013.0,Denver County,000401,3,275.0,520.0,815.0,0.638,Block Group 3,Tract 4.01,Tract 4.01 Block Group 3
080310068111,80310068111.0,Denver County,006811,1,135.0,520.0,1980.0,0.2626,Block Group 1,Tract 68.11,Tract 68.11 Block Group 1
080310039021,80310039021.0,Denver County,003902,1,215.0,405.0,1385.0,0.2924,Block Group 1,Tract 39.02,Tract 39.02 Block Group 1
080310003023,80310003023.0,Denver County,000302,3,80.0,190.0,810.0,0.2346,Block Group 3,Tract 3.02,Tract 3.02 Block Group 3
080310029021,80310029021.0,Denver County,002902,1,195.0,525.0,1810.0,0.2901,Block Group 1,Tract 29.02,Tract 29.02 Block Group 1
080310027022,80310027022.0,Denver County,002702,2,540.0,795.0,1585.0,0.5016,Block Group 2,Tract 27.02,Tract 27.02 Block Group 2
080310042023,80310042023.0,Denver County,004202,3,75.0,320.0,1200.0,0.2667,Block Group 3,Tract 42.02,Tract 42.02 Block Group 3
080310028032,80310028032.0,Denver County,002803,2,310.0,535.0,1120.0,0.4777,Block Group 2,Tract 28.03,Tract 28.03 Block Group 2
080310023001,80310023001.0,Denver County,002300,1,1595.0,1755.0,2600.0,0.675,Block Group 1,Tract 23,Tract 23 Block Group 1
080310007013,80310007013.0,Denver County,000701,3,795.0,1065.0,1405.0,0.758,Block Group 3,Tract 7.01,Tract 7.01 Block Group 3
080310083891,80310083891.0,Denver County,008389,1,0.0,475.0,1185.0,0.4008,Block Group 1,Tract 83.89,Tract 83.89 Block Group 1
080310157002,80310157002.0,Denver County,015700,2,65.0,590.0,1270.0,0.4646,Block Group 2,Tract 157,Tract 157 Block Group 2
080310043063,80310043063.0,Denver County,004306,3,325.0,695.0,1615.0,0.4303,Block Group 3,Tract 43.06,Tract 43.06 Block Group 3
080310043062,80310043062.0,Denver County,004306,2,80.0,105.0,665.0,0.1579,Block Group 2,Tract 43.06,Tract 43.06 Block Group 2
080310068123,80310068123.0,Denver County,006812,3,455.0,515.0,1025.0,0.5024,Block Group 3,Tract 68.12,Tract 68.12 Block Group 3
080310070894,80310070894.0,Denver County,007089,4,890.0,1035.0,1635.0,0.633,Block Group 4,Tract 70.89,Tract 70.89 Block Group 4
080310069014,80310069014.0,Denver County,006901,4,375.0,560.0,645.0,0.8682,Block Group 4,Tract 69.01,Tract 69.01 Block Group 4
080310070881,80310070881.0,Denver County,007088,1,320.0,495.0,1205.0,0.4108,Block Group 1,Tract 70.88,Tract 70.88 Block Group 1
080310153003,80310153003.0,Denver County,015300,3,170.0,375.0,635.0,0.5906,Block Group 3,Tract 153,Tract 153 Block Group 3
080310155001,80310155001.0,Denver County,015500,1,760.0,1005.0,1280.0,0.7852,Block Group 1,Tract 155,Tract 155 Block Group 1
080310041043,80310041043.0,Denver County,004104,3,135.0,290.0,840.0,0.3452,Block Group 3,Tract 41.04,Tract 41.04 Block Group 3
080310043065,80310043065.0,Denver County,004306,5,30.0,90.0,1320.0,0.0682,Block Group 5,Tract 43.06,Tract 43.06 Block Group 5
080310040033,80310040033.0,Denver County,004003,3,245.0,300.0,820.0,0.3659,Block Group 3,Tract 40.03,Tract 40.03 Block Group 3
080310119031,80310119031.0,Denver County,011903,1,350.0,595.0,1390.0,0.4281,Block Group 1,Tract 119.03,Tract 119.03 Block Group 1
080310044052,80310044052.0,Denver County,004405,2,270.0,460.0,1340.0,0.3433,Block Group 2,Tract 44.05,Tract 44.05 Block Group 2
080310024031,80310024031.0,Denver County,002403,1,410.0,595.0,1060.0,0.5613,Block Group 1,Tract 24.03,Tract 24.03 Block Group 1
080310035002,80310035002.0,Denver County,003500,2,600.0,1165.0,1410.0,0.8262,Block Group 2,Tract 35,Tract 35 Block Group 2
080310068041,80310068041.0,Denver County,006804,1,140.0,160.0,740.0,0.2162,Block Group 1,Tract 68.04,Tract 68.04 Block Group 1
080310009054,80310009054.0,Denver County,000905,4,540.0,1080.0,1450.0,0.7448,Block Group 4,Tract 9.05,Tract 9.05 Block Group 4
080310046013,80310046013.0,Denver County,004601,3,625.0,1075.0,1865.0,0.5764,Block Group 3,Tract 46.01,Tract 46.01 Block Group 3
080310068042,80310068042.0,Denver County,006804,2,195.0,400.0,1595.0,0.2508,Block Group 2,Tract 68.04,Tract 68.04 Block Group 2
080310041071,80310041071.0,Denver County,004107,1,745.0,985.0,5550.0,0.1775,Block Group 1,Tract 41.07,Tract 41.07 Block Group 1
080310083872,80310083872.0,Denver County,008387,2,1655.0,1925.0,3525.0,0.5461,Block Group 2,Tract 83.87,Tract 83.87 Block Group 2
080310014013,80310014013.0,Denver County,001401,3,730.0,855.0,1685.0,0.5074,Block Group 3,Tract 14.01,Tract 14.01 Block Group 3
080310013023,80310013023.0,Denver County,001302,3,570.0,855.0,1320.0,0.6477,Block Group 3,Tract 13.02,Tract 13.02 Block Group 3
080310083043,80310083043.0,Denver County,008304,3,425.0,520.0,730.0,0.7123,Block Group 3,Tract 83.04,Tract 83.04 Block Group 3
080310033002,80310033002.0,Denver County,003300,2,60.0,195.0,815.0,0.2393,Block Group 2,Tract 33,Tract 33 Block Group 2
080310040031,80310040031.0,Denver County,004003,1,215.0,670.0,1285.0,0.5214,Block Group 1,Tract 40.03,Tract 40.03 Block Group 1
080310031022,80310031022.0,Denver County,003102,2,585.0,820.0,1315.0,0.6236,Block Group 2,Tract 31.02,Tract 31.02 Block Group 2
080310070882,80310070882.0,Denver County,007088,2,560.0,745.0,1045.0,0.7129,Block Group 2,Tract 70.88,Tract 70.88 Block Group 2
080310157001,80310157001.0,Denver County,015700,1,875.0,1030.0,1470.0,0.7007,Block Group 1,Tract 157,Tract 157 Block Group 1
080310027011,80310027011.0,Denver County,002701,1,455.0,780.0,1050.0,0.7429,Block Group 1,Tract 27.01,Tract 27.01 Block Group 1
080310043014,80310043014.0,Denver County,004301,4,670.0,1045.0,1330.0,0.7857,Block Group 4,Tract 43.01,Tract 43.01 Block Group 4
080310003016,80310003016.0,Denver County,000301,6,265.0,410.0,880.0,0.4659,Block Group 6,Tract 3.01,Tract 3.01 Block Group 6
080310046021,80310046021.0,Denver County,004602,1,1205.0,1510.0,2380.0,0.6345,Block Group 1,Tract 46.02,Tract 46.02 Block Group 1
080310029011,80310029011.0,Denver County,002901,1,115.0,285.0,850.0,0.3353,Block Group 1,Tract 29.01,Tract 29.01 Block Group 1
080310017011,80310017011.0,Denver County,001701,1,295.0,345.0,1685.0,0.2047,Block Group 1,Tract 17.01,Tract 17.01 Block Group 1
080310068112,80310068112.0,Denver County,006811,2,190.0,215.0,755.0,0.2848,Block Group 2,Tract 68.11,Tract 68.11 Block Group 2
080310004014,80310004014.0,Denver County,000401,4,410.0,500.0,780.0,0.641,Block Group 4,Tract 4.01,Tract 4.01 Block Group 4
080310011022,80310011022.0,Denver County,001102,2,235.0,320.0,730.0,0.4384,Block Group 2,Tract 11.02,Tract 11.02 Block Group 2
080310026021,80310026021.0,Denver County,002602,1,735.0,1225.0,2740.0,0.4471,Block Group 1,Tract 26.02,Tract 26.02 Block Group 1
080310032014,80310032014.0,Denver County,003201,4,220.0,335.0,760.0,0.4408,Block Group 4,Tract 32.01,Tract 32.01 Block Group 4
080310015002,80310015002.0,Denver County,001500,2,420.0,755.0,1235.0,0.6113,Block Group 2,Tract 15,Tract 15 Block Group 2
080310156004,80310156004.0,Denver County,015600,4,645.0,990.0,1040.0,0.9519,Block Group 4,Tract 156,Tract 156 Block Group 4
080310014015,80310014015.0,Denver County,001401,5,450.0,815.0,1360.0,0.5993,Block Group 5,Tract 14.01,Tract 14.01 Block Group 5
080310044032,80310044032.0,Denver County,004403,2,1075.0,1500.0,2020.0,0.7426,Block Group 2,Tract 44.03,Tract 44.03 Block Group 2
080310009022,80310009022.0,Denver County,000902,2,335.0,695.0,925.0,0.7514,Block Group 2,Tract 9.02,Tract 9.02 Block Group 2
080310051024,80310051024.0,Denver County,005102,4,675.0,885.0,1155.0,0.7662,Block Group 4,Tract 51.02,Tract 51.02 Block Group 4
080310051042,80310051042.0,Denver County,005104,2,640.0,875.0,1475.0,0.5932,Block Group 2,Tract 51.04,Tract 51.04 Block Group 2
080310083903,80310083903.0,Denver County,008390,3,480.0,1205.0,2680.0,0.4496,Block Group 3,Tract 83.90,Tract 83.90 Block Group 3
080310043041,80310043041.0,Denver County,004304,1,235.0,370.0,1170.0,0.3162,Block Group 1,Tract 43.04,Tract 43.04 Block Group 1
080310032031,80310032031.0,Denver County,003203,1,45.0,60.0,745.0,0.0805,Block Group 1,Tract 32.03,Tract 32.03 Block Group 1
080310013012,80310013012.0,Denver County,001301,2,315.0,790.0,1075.0,0.7349,Block Group 2,Tract 13.01,Tract 13.01 Block Group 2
080310083862,80310083862.0,Denver County,008386,2,990.0,1545.0,2620.0,0.5897,Block Group 2,Tract 83.86,Tract 83.86 Block Group 2
080310154003,80310154003.0,Denver County,015400,3,145.0,265.0,610.0,0.4344,Block Group 3,Tract 154,Tract 154 Block Group 3
080310006002,80310006002.0,Denver County,000600,2,730.0,1175.0,1570.0,0.7484,Block Group 2,Tract 6,Tract 6 Block Group 2
080310069015,80310069015.0,Denver County,006901,5,125.0,205.0,375.0,0.5467,Block Group 5,Tract 69.01,Tract 69.01 Block Group 5
080310011023,80310011023.0,Denver County,001102,3,370.0,685.0,1910.0,0.3586,Block Group 3,Tract 11.02,Tract 11.02 Block Group 3
080310013015,80310013015.0,Denver County,001301,5,140.0,350.0,635.0,0.5512,Block Group 5,Tract 13.01,Tract 13.01 Block Group 5
080310004024,80310004024.0,Denver County,000402,4,170.0,235.0,645.0,0.3643,Block Group 4,Tract 4.02,Tract 4.02 Block Group 4
080310041024,80310041024.0,Denver County,004102,4,695.0,760.0,1040.0,0.7308,Block Group 4,Tract 41.02,Tract 41.02 Block Group 4
080310042021,80310042021.0,Denver County,004202,1,60.0,325.0,575.0,0.5652,Block Group 1,Tract 42.02,Tract 42.02 Block Group 1
080310068095,80310068095.0,Denver County,006809,5,325.0,565.0,835.0,0.6766,Block Group 5,Tract 68.09,Tract 68.09 Block Group 5
080310048011,80310048011.0,Denver County,004801,1,140.0,325.0,920.0,0.3533,Block Group 1,Tract 48.01,Tract 48.01 Block Group 1
080310157004,80310157004.0,Denver County,015700,4,745.0,1040.0,1280.0,0.8125,Block Group 4,Tract 157,Tract 157 Block Group 4
080310017014,80310017014.0,Denver County,001701,4,835.0,905.0,1315.0,0.6882,Block Group 4,Tract 17.01,Tract 17.01 Block Group 4
080310037032,80310037032.0,Denver County,003703,2,420.0,690.0,1615.0,0.4272,Block Group 2,Tract 37.03,Tract 37.03 Block Group 2
080310037012,80310037012.0,Denver County,003701,2,425.0,590.0,1355.0,0.4354,Block Group 2,Tract 37.01,Tract 37.01 Block Group 2
080310009035,80310009035.0,Denver County,000903,5,315.0,485.0,725.0,0.669,Block Group 5,Tract 9.03,Tract 9.03 Block Group 5
080310015003,80310015003.0,Denver County,001500,3,820.0,935.0,1125.0,0.8311,Block Group 3,Tract 15,Tract 15 Block Group 3
080310009052,80310009052.0,Denver County,000905,2,340.0,515.0,900.0,0.5722,Block Group 2,Tract 9.05,Tract 9.05 Block Group 2
080310002022,80310002022.0,Denver County,000202,2,550.0,845.0,1575.0,0.5365,Block Group 2,Tract 2.02,Tract 2.02 Block Group 2
080310027025,80310027025.0,Denver County,002702,5,410.0,730.0,1130.0,0.646,Block Group 5,Tract 27.02,Tract 27.02 Block Group 5
080310083861,80310083861.0,Denver County,008386,1,920.0,1665.0,2170.0,0.7673,Block Group 1,Tract 83.86,Tract 83.86 Block Group 1
080310027033,80310027033.0,Denver County,002703,3,335.0,570.0,1045.0,0.5455,Block Group 3,Tract 27.03,Tract 27.03 Block Group 3
080310005023,80310005023.0,Denver County,000502,3,285.0,285.0,740.0,0.3851,Block Group 3,Tract 5.02,Tract 5.02 Block Group 3
080310036015,80310036015.0,Denver County,003601,5,200.0,385.0,495.0,0.7778,Block Group 5,Tract 36.01,Tract 36.01 Block Group 5
080310009042,80310009042.0,Denver County,000904,2,1225.0,1270.0,1485.0,0.8552,Block Group 2,Tract 9.04,Tract 9.04 Block Group 2
080310021001,80310021001.0,Denver County,002100,1,465.0,535.0,1135.0,0.4714,Block Group 1,Tract 21,Tract 21 Block Group 1
080310008001,80310008001.0,Denver County,000800,1,1390.0,1405.0,1405.0,1.0,Block Group 1,Tract 8,Tract 8 Block Group 1
080310055033,80310055033.0,Denver County,005503,3,145.0,180.0,1025.0,0.1756,Block Group 3,Tract 55.03,Tract 55.03 Block Group 3
080310010003,80310010003.0,Denver County,001000,3,250.0,1150.0,1325.0,0.8679,Block Group 3,Tract 10,Tract 10 Block Group 3
080310055034,80310055034.0,Denver County,005503,4,315.0,450.0,1030.0,0.4369,Block Group 4,Tract 55.03,Tract 55.03 Block Group 4
080310019011,80310019011.0,Denver County,001901,1,725.0,730.0,845.0,0.8639,Block Group 1,Tract 19.01,Tract 19.01 Block Group 1
080310004021,80310004021.0,Denver County,000402,1,80.0,105.0,670.0,0.1567,Block Group 1,Tract 4.02,Tract 4.02 Block Group 1
080310003011,80310003011.0,Denver County,000301,1,155.0,205.0,840.0,0.244,Block Group 1,Tract 3.01,Tract 3.01 Block Group 1
080310038001,80310038001.0,Denver County,003800,1,110.0,315.0,1140.0,0.2763,Block Group 1,Tract 38,Tract 38 Block Group 1
080310007022,80310007022.0,Denver County,000702,2,1305.0,1715.0,1885.0,0.9098,Block Group 2,Tract 7.02,Tract 7.02 Block Group 2
080310029022,80310029022.0,Denver County,002902,2,70.0,210.0,1305.0,0.1609,Block Group 2,Tract 29.02,Tract 29.02 Block Group 2
080310120141,80310120141.0,Denver County,012014,1,160.0,400.0,1155.0,0.3463,Block Group 1,Tract 120.14,Tract 120.14 Block Group 1
080310052004,80310052004.0,Denver County,005200,4,165.0,325.0,805.0,0.4037,Block Group 4,Tract 52,Tract 52 Block Group 4
080310047002,80310047002.0,Denver County,004700,2,80.0,515.0,955.0,0.5393,Block Group 2,Tract 47,Tract 47 Block Group 2
080310041035,80310041035.0,Denver County,004103,5,185.0,510.0,1135.0,0.4493,Block Group 5,Tract 41.03,Tract 41.03 Block Group 5
080310037021,80310037021.0,Denver County,003702,1,645.0,910.0,1290.0,0.7054,Block Group 1,Tract 37.02,Tract 37.02 Block Group 1
080310017021,80310017021.0,Denver County,001702,1,545.0,730.0,1685.0,0.4332,Block Group 1,Tract 17.02,Tract 17.02 Block Group 1
080310050025,80310050025.0,Denver County,005002,5,235.0,595.0,835.0,0.7126,Block Group 5,Tract 50.02,Tract 50.02 Block Group 5
080310035005,80310035005.0,Denver County,003500,5,1020.0,1390.0,1775.0,0.7831,Block Group 5,Tract 35,Tract 35 Block Group 5
080310042025,80310042025.0,Denver County,004202,5,15.0,35.0,735.0,0.0476,Block Group 5,Tract 42.02,Tract 42.02 Block Group 5
080310070891,80310070891.0,Denver County,007089,1,210.0,320.0,440.0,0.7273,Block Group 1,Tract 70.89,Tract 70.89 Block Group 1
080310120012,80310120012.0,Denver County,012001,2,80.0,90.0,680.0,0.1324,Block Group 2,Tract 120.01,Tract 120.01 Block Group 2
080310068092,80310068092.0,Denver County,006809,2,860.0,1105.0,2330.0,0.4742,Block Group 2,Tract 68.09,Tract 68.09 Block Group 2
080310015001,80310015001.0,Denver County,001500,1,270.0,530.0,750.0,0.7067,Block Group 1,Tract 15,Tract 15 Block Group 1
080310045063,80310045063.0,Denver County,004506,3,1095.0,1440.0,1530.0,0.9412,Block Group 3,Tract 45.06,Tract 45.06 Block Group 3
080310009051,80310009051.0,Denver County,000905,1,355.0,600.0,785.0,0.7643,Block Group 1,Tract 9.05,Tract 9.05 Block Group 1
080310155003,80310155003.0,Denver County,015500,3,265.0,455.0,880.0,0.517,Block Group 3,Tract 155,Tract 155 Block Group 3
080310036014,80310036014.0,Denver County,003601,4,285.0,375.0,565.0,0.6637,Block Group 4,Tract 36.01,Tract 36.01 Block Group 4
080310083062,80310083062.0,Denver County,008306,2,610.0,1245.0,1685.0,0.7389,Block Group 2,Tract 83.06,Tract 83.06 Block Group 2
080310021003,80310021003.0,Denver County,002100,3,715.0,890.0,1120.0,0.7946,Block Group 3,Tract 21,Tract 21 Block Group 3
080310005025,80310005025.0,Denver County,000502,5,150.0,275.0,1035.0,0.2657,Block Group 5,Tract 5.02,Tract 5.02 Block Group 5
080310045053,80310045053.0,Denver County,004505,3,965.0,1230.0,1295.0,0.9498,Block Group 3,Tract 45.05,Tract 45.05 Block Group 3
080310014014,80310014014.0,Denver County,001401,4,835.0,1315.0,1675.0,0.7851,Block Group 4,Tract 14.01,Tract 14.01 Block Group 4
080310031021,80310031021.0,Denver County,003102,1,740.0,890.0,1470.0,0.6054,Block Group 1,Tract 31.02,Tract 31.02 Block Group 1
080310055021,80310055021.0,Denver County,005502,1,190.0,695.0,1615.0,0.4303,Block Group 1,Tract 55.02,Tract 55.02 Block Group 1
080310009043,80310009043.0,Denver County,000904,3,365.0,445.0,495.0,0.899,Block Group 3,Tract 9.04,Tract 9.04 Block Group 3
080310043021,80310043021.0,Denver County,004302,1,85.0,190.0,775.0,0.2452,Block Group 1,Tract 43.02,Tract 43.02 Block Group 1
080310045032,80310045032.0,Denver County,004503,2,490.0,845.0,1440.0,0.5868,Block Group 2,Tract 45.03,Tract 45.03 Block Group 2
080310045051,80310045051.0,Denver County,004505,1,1315.0,1935.0,2305.0,0.8395,Block Group 1,Tract 45.05,Tract 45.05 Block Group 1
080310030043,80310030043.0,Denver County,003004,3,170.0,375.0,1460.0,0.2568,Block Group 3,Tract 30.04,Tract 30.04 Block Group 3
080310153002,80310153002.0,Denver County,015300,2,520.0,780.0,1655.0,0.4713,Block Group 2,Tract 153,Tract 153 Block Group 2
080310036031,80310036031.0,Denver County,003603,1,405.0,830.0,1400.0,0.5929,Block Group 1,Tract 36.03,Tract 36.03 Block Group 1
080310120103,80310120103.0,Denver County,012010,3,235.0,715.0,1940.0,0.3686,Block Group 3,Tract 120.10,Tract 120.10 Block Group 3
080319801001,80319801001.0,Denver County,980100,1,0.0,0.0,0.0,0.0,Block Group 1,Tract 9801,Tract 9801 Block Group 1
080310041046,80310041046.0,Denver County,004104,6,65.0,185.0,645.0,0.2868,Block Group 6,Tract 41.04,Tract 41.04 Block Group 6
080310068141,80310068141.0,Denver County,006814,1,10.0,125.0,935.0,0.1337,Block Group 1,Tract 68.14,Tract 68.14 Block Group 1
080310028023,80310028023.0,Denver County,002802,3,445.0,605.0,940.0,0.6436,Block Group 3,Tract 28.02,Tract 28.02 Block Group 3
080310120101,80310120101.0,Denver County,012010,1,255.0,540.0,2035.0,0.2654,Block Group 1,Tract 120.10,Tract 120.10 Block Group 1
080310043022,80310043022.0,Denver County,004302,2,100.0,200.0,815.0,0.2454,Block Group 2,Tract 43.02,Tract 43.02 Block Group 2
080310036023,80310036023.0,Denver County,003602,3,355.0,450.0,680.0,0.6618,Block Group 3,Tract 36.02,Tract 36.02 Block Group 3
080310041044,80310041044.0,Denver County,004104,4,40.0,220.0,555.0,0.3964,Block Group 4,Tract 41.04,Tract 41.04 Block Group 4
080310069012,80310069012.0,Denver County,006901,2,650.0,725.0,1015.0,0.7143,Block Group 2,Tract 69.01,Tract 69.01 Block Group 2
080310040062,80310040062.0,Denver County,004006,2,420.0,485.0,1180.0,0.411,Block Group 2,Tract 40.06,Tract 40.06 Block Group 2
080310009021,80310009021.0,Denver County,000902,1,80.0,90.0,430.0,0.2093,Block Group 1,Tract 9.02,Tract 9.02 Block Group 1
080310007023,80310007023.0,Denver County,000702,3,1005.0,1060.0,1260.0,0.8413,Block Group 3,Tract 7.02,Tract 7.02 Block Group 3
080310046023,80310046023.0,Denver County,004602,3,630.0,960.0,1140.0,0.8421,Block Group 3,Tract 46.02,Tract 46.02 Block Group 3
080310043011,80310043011.0,Denver County,004301,1,300.0,585.0,1345.0,0.4349,Block Group 1,Tract 43.01,Tract 43.01 Block Group 1
080310003025,80310003025.0,Denver County,000302,5,560.0,825.0,1335.0,0.618,Block Group 5,Tract 3.02,Tract 3.02 Block Group 5
080310041023,80310041023.0,Denver County,004102,3,550.0,940.0,1310.0,0.7176,Block Group 3,Tract 41.02,Tract 41.02 Block Group 3
080310083911,80310083911.0,Denver County,008391,1,1325.0,1720.0,4345.0,0.3959,Block Group 1,Tract 83.91,Tract 83.91 Block Group 1
080310027013,80310027013.0,Denver County,002701,3,495.0,920.0,1505.0,0.6113,Block Group 3,Tract 27.01,Tract 27.01 Block Group 3
080310003036,80310003036.0,Denver County,000303,6,20.0,50.0,670.0,0.0746,Block Group 6,Tract 3.03,Tract 3.03 Block Group 6
080310083902,80310083902.0,Denver County,008390,2,600.0,1120.0,3420.0,0.3275,Block Group 2,Tract 83.90,Tract 83.90 Block Group 2
080310040051,80310040051.0,Denver County,004005,1,625.0,840.0,1495.0,0.5619,Block Group 1,Tract 40.05,Tract 40.05 Block Group 1
080310120102,80310120102.0,Denver County,012010,2,235.0,475.0,995.0,0.4774,Block Group 2,Tract 120.10,Tract 120.10 Block Group 2
080310048013,80310048013.0,Denver County,004801,3,180.0,355.0,695.0,0.5108,Block Group 3,Tract 48.01,Tract 48.01 Block Group 3
080310043013,80310043013.0,Denver County,004301,3,75.0,305.0,815.0,0.3742,Block Group 3,Tract 43.01,Tract 43.01 Block Group 3
080310083881,80310083881.0,Denver County,008388,1,1330.0,3660.0,6400.0,0.5719,Block Group 1,Tract 83.88,Tract 83.88 Block Group 1
080310046014,80310046014.0,Denver County,004601,4,485.0,670.0,1065.0,0.6291,Block Group 4,Tract 46.01,Tract 46.01 Block Group 4
080310083901,80310083901.0,Denver County,008390,1,1615.0,2180.0,3450.0,0.6319,Block Group 1,Tract 83.90,Tract 83.90 Block Group 1
080310070373,80310070373.0,Denver County,007037,3,365.0,490.0,730.0,0.6712,Block Group 3,Tract 70.37,Tract 70.37 Block Group 3
080310042012,80310042012.0,Denver County,004201,2,95.0,115.0,750.0,0.1533,Block Group 2,Tract 42.01,Tract 42.01 Block Group 2
080310044042,80310044042.0,Denver County,004404,2,1995.0,2700.0,3255.0,0.8295,Block Group 2,Tract 44.04,Tract 44.04 Block Group 2
080310003013,80310003013.0,Denver County,000301,3,95.0,475.0,780.0,0.609,Block Group 3,Tract 3.01,Tract 3.01 Block Group 3
080310030042,80310030042.0,Denver County,003004,2,730.0,1165.0,2160.0,0.5394,Block Group 2,Tract 30.04,Tract 30.04 Block Group 2
080310003015,80310003015.0,Denver County,000301,5,50.0,205.0,710.0,0.2887,Block Group 5,Tract 3.01,Tract 3.01 Block Group 5
080310068131,80310068131.0,Denver County,006813,1,385.0,575.0,975.0,0.5897,Block Group 1,Tract 68.13,Tract 68.13 Block Group 1
080310006001,80310006001.0,Denver County,000600,1,515.0,840.0,1255.0,0.6693,Block Group 1,Tract 6,Tract 6 Block Group 1
080310003033,80310003033.0,Denver County,000303,3,125.0,345.0,1000.0,0.345,Block Group 3,Tract 3.03,Tract 3.03 Block Group 3
080310030023,80310030023.0,Denver County,003002,3,270.0,455.0,1000.0,0.455,Block Group 3,Tract 30.02,Tract 30.02 Block Group 3
080310083063,80310083063.0,Denver County,008306,3,435.0,510.0,935.0,0.5455,Block Group 3,Tract 83.06,Tract 83.06 Block Group 3
080310009033,80310009033.0,Denver County,000903,3,675.0,765.0,1275.0,0.6,Block Group 3,Tract 9.03,Tract 9.03 Block Group 3
080310155002,80310155002.0,Denver County,015500,2,585.0,1115.0,1365.0,0.8168,Block Group 2,Tract 155,Tract 155 Block Group 2
080310040061,80310040061.0,Denver County,004006,1,330.0,430.0,1210.0,0.3554,Block Group 1,Tract 40.06,Tract 40.06 Block Group 1
080310017012,80310017012.0,Denver County,001701,2,195.0,265.0,1040.0,0.2548,Block Group 2,Tract 17.01,Tract 17.01 Block Group 2
080310030022,80310030022.0,Denver County,003002,2,150.0,320.0,865.0,0.3699,Block Group 2,Tract 30.02,Tract 30.02 Block Group 2
080310040041,80310040041.0,Denver County,004004,1,120.0,500.0,1910.0,0.2618,Block Group 1,Tract 40.04,Tract 40.04 Block Group 1
080310041031,80310041031.0,Denver County,004103,1,845.0,860.0,1130.0,0.7611,Block Group 1,Tract 41.03,Tract 41.03 Block Group 1
080310041061,80310041061.0,Denver County,004106,1,300.0,900.0,9340.0,0.0964,Block Group 1,Tract 41.06,Tract 41.06 Block Group 1
080310156001,80310156001.0,Denver County,015600,1,1940.0,2615.0,3025.0,0.8645,Block Group 1,Tract 156,Tract 156 Block Group 1
080310027023,80310027023.0,Denver County,002702,3,365.0,665.0,1095.0,0.6073,Block Group 3,Tract 27.02,Tract 27.02 Block Group 3
080310046012,80310046012.0,Denver County,004601,2,800.0,1265.0,1730.0,0.7312,Block Group 2,Tract 46.01,Tract 46.01 Block Group 2
080310040021,80310040021.0,Denver County,004002,1,135.0,170.0,770.0,0.2208,Block Group 1,Tract 40.02,Tract 40.02 Block Group 1
080310026011,80310026011.0,Denver County,002601,1,405.0,525.0,1410.0,0.3723,Block Group 1,Tract 26.01,Tract 26.01 Block Group 1
080310036032,80310036032.0,Denver County,003603,2,380.0,625.0,1745.0,0.3582,Block Group 2,Tract 36.03,Tract 36.03 Block Group 2
080310009044,80310009044.0,Denver County,000904,4,1070.0,1410.0,1930.0,0.7306,Block Group 4,Tract 9.04,Tract 9.04 Block Group 4
080310029023,80310029023.0,Denver County,002902,3,125.0,260.0,1025.0,0.2537,Block Group 3,Tract 29.02,Tract 29.02 Block Group 3
080310035003,80310035003.0,Denver County,003500,3,780.0,965.0,1325.0,0.7283,Block Group 3,Tract 35,Tract 35 Block Group 3
080310045031,80310045031.0,Denver County,004503,1,555.0,715.0,1230.0,0.5813,Block Group 1,Tract 45.03,Tract 45.03 Block Group 1
080310005021,80310005021.0,Denver County,000502,1,670.0,845.0,1295.0,0.6525,Block Group 1,Tract 5.02,Tract 5.02 Block Group 1
080310040064,80310040064.0,Denver County,004006,4,130.0,190.0,975.0,0.1949,Block Group 4,Tract 40.06,Tract 40.06 Block Group 4
080310028013,80310028013.0,Denver County,002801,3,315.0,535.0,1000.0,0.535,Block Group 3,Tract 28.01,Tract 28.01 Block Group 3
080310003012,80310003012.0,Denver County,000301,2,45.0,260.0,915.0,0.2842,Block Group 2,Tract 3.01,Tract 3.01 Block Group 2
080310038004,80310038004.0,Denver County,003800,4,580.0,785.0,1795.0,0.4373,Block Group 4,Tract 38,Tract 38 Block Group 4
080310004012,80310004012.0,Denver County,000401,2,200.0,350.0,885.0,0.3955,Block Group 2,Tract 4.01,Tract 4.01 Block Group 2
080310027021,80310027021.0,Denver County,002702,1,145.0,290.0,1205.0,0.2407,Block Group 1,Tract 27.02,Tract 27.02 Block Group 1
080310119032,80310119032.0,Denver County,011903,2,395.0,505.0,990.0,0.5101,Block Group 2,Tract 119.03,Tract 119.03 Block Group 2
080310003022,80310003022.0,Denver County,000302,2,295.0,370.0,625.0,0.592,Block Group 2,Tract 3.02,Tract 3.02 Block Group 2
080310018002,80310018002.0,Denver County,001800,2,815.0,1130.0,1470.0,0.7687,Block Group 2,Tract 18,Tract 18 Block Group 2
080310046032,80310046032.0,Denver County,004603,2,335.0,445.0,795.0,0.5597,Block Group 2,Tract 46.03,Tract 46.03 Block Group 2
080310083871,80310083871.0,Denver County,008387,1,1490.0,2575.0,3525.0,0.7305,Block Group 1,Tract 83.87,Tract 83.87 Block Group 1
080310007012,80310007012.0,Denver County,000701,2,325.0,465.0,1005.0,0.4627,Block Group 2,Tract 7.01,Tract 7.01 Block Group 2
080310046011,80310046011.0,Denver County,004601,1,405.0,745.0,1170.0,0.6368,Block Group 1,Tract 46.01,Tract 46.01 Block Group 1
080310083912,80310083912.0,Denver County,008391,2,535.0,1395.0,4010.0,0.3479,Block Group 2,Tract 83.91,Tract 83.91 Block Group 2
080310044043,80310044043.0,Denver County,004404,3,1280.0,1815.0,2070.0,0.8768,Block Group 3,Tract 44.04,Tract 44.04 Block Group 3
080310042013,80310042013.0,Denver County,004201,3,215.0,460.0,900.0,0.5111,Block Group 3,Tract 42.01,Tract 42.01 Block Group 3
080310045041,80310045041.0,Denver County,004504,1,975.0,1205.0,1515.0,0.7954,Block Group 1,Tract 45.04,Tract 45.04 Block Group 1
080310156003,80310156003.0,Denver County,015600,3,815.0,970.0,1115.0,0.87,Block Group 3,Tract 156,Tract 156 Block Group 3
080310018001,80310018001.0,Denver County,001800,1,740.0,1070.0,1880.0,0.5691,Block Group 1,Tract 18,Tract 18 Block Group 1
080310046024,80310046024.0,Denver County,004602,4,875.0,955.0,1105.0,0.8643,Block Group 4,Tract 46.02,Tract 46.02 Block Group 4
080310004022,80310004022.0,Denver County,000402,2,440.0,660.0,1460.0,0.4521,Block Group 2,Tract 4.02,Tract 4.02 Block Group 2
080310009041,80310009041.0,Denver County,000904,1,615.0,825.0,1155.0,0.7143,Block Group 1,Tract 9.04,Tract 9.04 Block Group 1
080310013011,80310013011.0,Denver County,001301,1,505.0,610.0,1050.0,0.581,Block Group 1,Tract 13.01,Tract 13.01 Block Group 1
080310068142,80310068142.0,Denver County,006814,2,725.0,1135.0,1240.0,0.9153,Block Group 2,Tract 68.14,Tract 68.14 Block Group 2
080310032011,80310032011.0,Denver County,003201,1,440.0,675.0,1150.0,0.587,Block Group 1,Tract 32.01,Tract 32.01 Block Group 1
080310038005,80310038005.0,Denver County,003800,5,275.0,275.0,1280.0,0.2148,Block Group 5,Tract 38,Tract 38 Block Group 5
080310042015,80310042015.0,Denver County,004201,5,60.0,70.0,680.0,0.1029,Block Group 5,Tract 42.01,Tract 42.01 Block Group 5
080310030021,80310030021.0,Denver County,003002,1,125.0,175.0,520.0,0.3365,Block Group 1,Tract 30.02,Tract 30.02 Block Group 1
080310069011,80310069011.0,Denver County,006901,1,1365.0,1760.0,2435.0,0.7228,Block Group 1,Tract 69.01,Tract 69.01 Block Group 1
080310041036,80310041036.0,Denver County,004103,6,35.0,255.0,940.0,0.2713,Block Group 6,Tract 41.03,Tract 41.03 Block Group 6
080310068102,80310068102.0,Denver County,006810,2,620.0,1140.0,1980.0,0.5758,Block Group 2,Tract 68.10,Tract 68.10 Block Group 2
080310014024,80310014024.0,Denver County,001402,4,610.0,1140.0,1325.0,0.8604,Block Group 4,Tract 14.02,Tract 14.02 Block Group 4
080310047001,80310047001.0,Denver County,004700,1,205.0,360.0,670.0,0.5373,Block Group 1,Tract 47,Tract 47 Block Group 1
080310068114,80310068114.0,Denver County,006811,4,405.0,705.0,1615.0,0.4365,Block Group 4,Tract 68.11,Tract 68.11 Block Group 4
080310009053,80310009053.0,Denver County,000905,3,580.0,775.0,935.0,0.8289,Block Group 3,Tract 9.05,Tract 9.05 Block Group 3
080310003032,80310003032.0,Denver County,000303,2,210.0,315.0,745.0,0.4228,Block Group 2,Tract 3.03,Tract 3.03 Block Group 2
080310043034,80310043034.0,Denver County,004303,4,0.0,20.0,855.0,0.0234,Block Group 4,Tract 43.03,Tract 43.03 Block Group 4
080310037011,80310037011.0,Denver County,003701,1,460.0,730.0,1695.0,0.4307,Block Group 1,Tract 37.01,Tract 37.01 Block Group 1
080310014032,80310014032.0,Denver County,001403,2,705.0,1025.0,1390.0,0.7374,Block Group 2,Tract 14.03,Tract 14.03 Block Group 2
080310068121,80310068121.0,Denver County,006812,1,360.0,650.0,1575.0,0.4127,Block Group 1,Tract 68.12,Tract 68.12 Block Group 1
080310042016,80310042016.0,Denver County,004201,6,25.0,30.0,475.0,0.0632,Block Group 6,Tract 42.01,Tract 42.01 Block Group 6
080310083041,80310083041.0,Denver County,008304,1,810.0,1710.0,2075.0,0.8241,Block Group 1,Tract 83.04,Tract 83.04 Block Group 1
080310016002,80310016002.0,Denver County,001600,2,425.0,1290.0,4095.0,0.315,Block Group 2,Tract 16,Tract 16 Block Group 2
080310068093,80310068093.0,Denver County,006809,3,55.0,70.0,1330.0,0.0526,Block Group 3,Tract 68.09,Tract 68.09 Block Group 3
080310032032,80310032032.0,Denver County,003203,2,165.0,270.0,1285.0,0.2101,Block Group 2,Tract 32.03,Tract 32.03 Block Group 2
080310039023,80310039023.0,Denver County,003902,3,135.0,260.0,1370.0,0.1898,Block Group 3,Tract 39.02,Tract 39.02 Block Group 3
080310004025,80310004025.0,Denver County,000402,5,235.0,390.0,780.0,0.5,Block Group 5,Tract 4.02,Tract 4.02 Block Group 5
080310068113,80310068113.0,Denver County,006811,3,435.0,870.0,1850.0,0.4703,Block Group 3,Tract 68.11,Tract 68.11 Block Group 3
080310052003,80310052003.0,Denver County,005200,3,345.0,375.0,1275.0,0.2941,Block Group 3,Tract 52,Tract 52 Block Group 3
080310083042,80310083042.0,Denver County,008304,2,405.0,780.0,1205.0,0.6473,Block Group 2,Tract 83.04,Tract 83.04 Block Group 2
080310029013,80310029013.0,Denver County,002901,3,350.0,530.0,1165.0,0.4549,Block Group 3,Tract 29.01,Tract 29.01 Block Group 3
080310083052,80310083052.0,Denver County,008305,2,495.0,725.0,1185.0,0.6118,Block Group 2,Tract 83.05,Tract 83.05 Block Group 2
080310052001,80310052001.0,Denver County,005200,1,85.0,235.0,525.0,0.4476,Block Group 1,Tract 52,Tract 52 Block Group 1
080310020001,80310020001.0,Denver County,002000,1,450.0,555.0,1770.0,0.3136,Block Group 1,Tract 20,Tract 20 Block Group 1
080310068144,80310068144.0,Denver County,006814,4,120.0,240.0,660.0,0.3636,Block Group 4,Tract 68.14,Tract 68.14 Block Group 4
080310009034,80310009034.0,Denver County,000903,4,1210.0,2050.0,2265.0,0.9051,Block Group 4,Tract 9.03,Tract 9.03 Block Group 4
080310042024,80310042024.0,Denver County,004202,4,75.0,105.0,660.0,0.1591,Block Group 4,Tract 42.02,Tract 42.02 Block Group 4
080310067011,80310067011.0,Denver County,006701,1,570.0,1130.0,2935.0,0.385,Block Group 1,Tract 67.01,Tract 67.01 Block Group 1
080310030013,80310030013.0,Denver County,003001,3,135.0,370.0,1055.0,0.3507,Block Group 3,Tract 30.01,Tract 30.01 Block Group 3
080310040052,80310040052.0,Denver County,004005,2,775.0,1060.0,1515.0,0.6997,Block Group 2,Tract 40.05,Tract 40.05 Block Group 2
080310004011,80310004011.0,Denver County,000401,1,190.0,250.0,735.0,0.3401,Block Group 1,Tract 4.01,Tract 4.01 Block Group 1
080310037031,80310037031.0,Denver County,003703,1,300.0,560.0,1290.0,0.4341,Block Group 1,Tract 37.03,Tract 37.03 Block Group 1
080310030031,80310030031.0,Denver County,003003,1,260.0,510.0,1545.0,0.3301,Block Group 1,Tract 30.03,Tract 30.03 Block Group 1
080310119023,80310119023.0,Denver County,011902,3,525.0,1210.0,2000.0,0.605,Block Group 3,Tract 119.02,Tract 119.02 Block Group 3
080310003034,80310003034.0,Denver County,000303,4,150.0,180.0,810.0,0.2222,Block Group 4,Tract 3.03,Tract 3.03 Block Group 4
080310041013,80310041013.0,Denver County,004101,3,545.0,865.0,975.0,0.8872,Block Group 3,Tract 41.01,Tract 41.01 Block Group 3
080310009031,80310009031.0,Denver County,000903,1,750.0,840.0,1050.0,0.8,Block Group 1,Tract 9.03,Tract 9.03 Block Group 1
080310003014,80310003014.0,Denver County,000301,4,435.0,650.0,1185.0,0.5485,Block Group 4,Tract 3.01,Tract 3.01 Block Group 4
080310043012,80310043012.0,Denver County,004301,2,445.0,630.0,895.0,0.7039,Block Group 2,Tract 43.01,Tract 43.01 Block Group 2
080310028033,80310028033.0,Denver County,002803,3,460.0,630.0,1310.0,0.4809,Block Group 3,Tract 28.03,Tract 28.03 Block Group 3
080310033003,80310033003.0,Denver County,003300,3,155.0,195.0,1075.0,0.1814,Block Group 3,Tract 33,Tract 33 Block Group 3
080310070062,80310070062.0,Denver County,007006,2,1270.0,1630.0,2000.0,0.815,Block Group 2,Tract 70.06,Tract 70.06 Block Group 2
080310013014,80310013014.0,Denver County,001301,4,325.0,470.0,885.0,0.5311,Block Group 4,Tract 13.01,Tract 13.01 Block Group 4
080310036011,80310036011.0,Denver County,003601,1,495.0,630.0,1165.0,0.5408,Block Group 1,Tract 36.01,Tract 36.01 Block Group 1
080310040034,80310040034.0,Denver County,004003,4,70.0,145.0,980.0,0.148,Block Group 4,Tract 40.03,Tract 40.03 Block Group 4
080310010002,80310010002.0,Denver County,001000,2,565.0,765.0,915.0,0.8361,Block Group 2,Tract 10,Tract 10 Block Group 2
080310047004,80310047004.0,Denver County,004700,4,125.0,285.0,410.0,0.6951,Block Group 4,Tract 47,Tract 47 Block Group 4
080310154002,80310154002.0,Denver County,015400,2,320.0,475.0,975.0,0.4872,Block Group 2,Tract 154,Tract 154 Block Group 2
080310016003,80310016003.0,Denver County,001600,3,665.0,845.0,1860.0,0.4543,Block Group 3,Tract 16,Tract 16 Block Group 3
080310119024,80310119024.0,Denver County,011902,4,555.0,790.0,1420.0,0.5563,Block Group 4,Tract 119.02,Tract 119.02 Block Group 4
080310119021,80310119021.0,Denver County,011902,1,55.0,240.0,1945.0,0.1234,Block Group 1,Tract 119.02,Tract 119.02 Block Group 1
080310041041,80310041041.0,Denver County,004104,1,575.0,590.0,935.0,0.631,Block Group 1,Tract 41.04,Tract 41.04 Block Group 1
080310005024,80310005024.0,Denver County,000502,4,970.0,1085.0,1440.0,0.7535,Block Group 4,Tract 5.02,Tract 5.02 Block Group 4
080310019021,80310019021.0,Denver County,001902,1,20.0,20.0,95.0,0.2105,Block Group 1,Tract 19.02,Tract 19.02 Block Group 1
080310070061,80310070061.0,Denver County,007006,1,1540.0,2025.0,2610.0,0.7759,Block Group 1,Tract 70.06,Tract 70.06 Block Group 1
080310004026,80310004026.0,Denver County,000402,6,90.0,155.0,480.0,0.3229,Block Group 6,Tract 4.02,Tract 4.02 Block Group 6
080310034023,80310034023.0,Denver County,003402,3,230.0,335.0,1090.0,0.3073,Block Group 3,Tract 34.02,Tract 34.02 Block Group 3
080310041034,80310041034.0,Denver County,004103,4,140.0,180.0,920.0,0.1957,Block Group 4,Tract 41.03,Tract 41.03 Block Group 4
080310045062,80310045062.0,Denver County,004506,2,560.0,830.0,1360.0,0.6103,Block Group 2,Tract 45.06,Tract 45.06 Block Group 2
080310043061,80310043061.0,Denver County,004306,1,140.0,140.0,530.0,0.2642,Block Group 1,Tract 43.06,Tract 43.06 Block Group 1
080310052002,80310052002.0,Denver County,005200,2,90.0,280.0,750.0,0.3733,Block Group 2,Tract 52,Tract 52 Block Group 2
080310157003,80310157003.0,Denver County,015700,3,260.0,505.0,1195.0,0.4226,Block Group 3,Tract 157,Tract 157 Block Group 3
080310028011,80310028011.0,Denver County,002801,1,170.0,330.0,1040.0,0.3173,Block Group 1,Tract 28.01,Tract 28.01 Block Group 1
080310024033,80310024033.0,Denver County,002403,3,750.0,880.0,1225.0,0.7184,Block Group 3,Tract 24.03,Tract 24.03 Block Group 3
080310028021,80310028021.0,Denver County,002802,1,540.0,875.0,1650.0,0.5303,Block Group 1,Tract 28.02,Tract 28.02 Block Group 1
080310007024,80310007024.0,Denver County,000702,4,260.0,350.0,505.0,0.6931,Block Group 4,Tract 7.02,Tract 7.02 Block Group 4
080310001022,80310001022.0,Denver County,000102,2,290.0,470.0,1505.0,0.3123,Block Group 2,Tract 1.02,Tract 1.02 Block Group 2
080310007021,80310007021.0,Denver County,000702,1,790.0,940.0,1175.0,0.8,Block Group 1,Tract 7.02,Tract 7.02 Block Group 1
080310040023,80310040023.0,Denver County,004002,3,105.0,200.0,860.0,0.2326,Block Group 3,Tract 40.02,Tract 40.02 Block Group 3
080319800001,80319800001.0,Denver County,980000,1,425.0,680.0,1230.0,0.5528,Block Group 1,Tract 9800,Tract 9800 Block Group 1
080310004023,80310004023.0,Denver County,000402,3,425.0,485.0,1110.0,0.4369,Block Group 3,Tract 4.02,Tract 4.02 Block Group 3
080310028034,80310028034.0,Denver County,002803,4,305.0,625.0,1350.0,0.463,Block Group 4,Tract 28.03,Tract 28.03 Block Group 4
080310051021,80310051021.0,Denver County,005102,1,40.0,190.0,700.0,0.2714,Block Group 1,Tract 51.02,Tract 51.02 Block Group 1
080310013013,80310013013.0,Denver County,001301,3,490.0,585.0,975.0,0.6,Block Group 3,Tract 13.01,Tract 13.01 Block Group 3
080310043031,80310043031.0,Denver County,004303,1,175.0,315.0,1545.0,0.2039,Block Group 1,Tract 43.03,Tract 43.03 Block Group 1
080310044053,80310044053.0,Denver County,004405,3,315.0,470.0,1070.0,0.4393,Block Group 3,Tract 44.05,Tract 44.05 Block Group 3
080310050012,80310050012.0,Denver County,005001,2,240.0,405.0,975.0,0.4154,Block Group 2,Tract 50.01,Tract 50.01 Block Group 2
080310027014,80310027014.0,Denver County,002701,4,705.0,870.0,965.0,0.9016,Block Group 4,Tract 27.01,Tract 27.01 Block Group 4
080310042011,80310042011.0,Denver County,004201,1,85.0,130.0,990.0,0.1313,Block Group 1,Tract 42.01,Tract 42.01 Block Group 1
080310030015,80310030015.0,Denver County,003001,5,40.0,280.0,1185.0,0.2363,Block Group 5,Tract 30.01,Tract 30.01 Block Group 5
080310005012,80310005012.0,Denver County,000501,2,155.0,210.0,795.0,0.2642,Block Group 2,Tract 5.01,Tract 5.01 Block Group 2
080310083122,80310083122.0,Denver County,008312,2,1365.0,2070.0,2235.0,0.9262,Block Group 2,Tract 83.12,Tract 83.12 Block Group 2
080310083064,80310083064.0,Denver County,008306,4,2060.0,2735.0,3205.0,0.8534,Block Group 4,Tract 83.06,Tract 83.06 Block Group 4
080310016001,80310016001.0,Denver County,001600,1,1290.0,1810.0,2555.0,0.7084,Block Group 1,Tract 16,Tract 16 Block Group 1
080310027024,80310027024.0,Denver County,002702,4,220.0,330.0,645.0,0.5116,Block Group 4,Tract 27.02,Tract 27.02 Block Group 4
080310038003,80310038003.0,Denver County,003800,3,170.0,320.0,1480.0,0.2162,Block Group 3,Tract 38,Tract 38 Block Group 3
080310011011,80310011011.0,Denver County,001101,1,90.0,195.0,385.0,0.5065,Block Group 1,Tract 11.01,Tract 11.01 Block Group 1
080310051041,80310051041.0,Denver County,005104,1,805.0,1385.0,1940.0,0.7139,Block Group 1,Tract 51.04,Tract 51.04 Block Group 1
080310045033,80310045033.0,Denver County,004503,3,975.0,1750.0,1770.0,0.9887,Block Group 3,Tract 45.03,Tract 45.03 Block Group 3
080310036022,80310036022.0,Denver County,003602,2,235.0,460.0,640.0,0.7188,Block Group 2,Tract 36.02,Tract 36.02 Block Group 2
080310041011,80310041011.0,Denver County,004101,1,765.0,1210.0,1930.0,0.6269,Block Group 1,Tract 41.01,Tract 41.01 Block Group 1
080310011021,80310011021.0,Denver County,001102,1,665.0,835.0,1100.0,0.7591,Block Group 1,Tract 11.02,Tract 11.02 Block Group 1
080310051023,80310051023.0,Denver County,005102,3,235.0,520.0,1140.0,0.4561,Block Group 3,Tract 51.02,Tract 51.02 Block Group 3
080310028022,80310028022.0,Denver County,002802,2,190.0,275.0,680.0,0.4044,Block Group 2,Tract 28.02,Tract 28.02 Block Group 2
080310070371,80310070371.0,Denver County,007037,1,1375.0,1860.0,2385.0,0.7799,Block Group 1,Tract 70.37,Tract 70.37 Block Group 1
080310005011,80310005011.0,Denver County,000501,1,135.0,300.0,1140.0,0.2632,Block Group 1,Tract 5.01,Tract 5.01 Block Group 1
080310046035,80310046035.0,Denver County,004603,5,535.0,590.0,1365.0,0.4322,Block Group 5,Tract 46.03,Tract 46.03 Block Group 5
080310002023,80310002023.0,Denver County,000202,3,90.0,160.0,715.0,0.2238,Block Group 3,Tract 2.02,Tract 2.02 Block Group 3
080310120143,80310120143.0,Denver County,012014,3,45.0,125.0,980.0,0.1276,Block Group 3,Tract 120.14,Tract 120.14 Block Group 3
080310055031,80310055031.0,Denver County,005503,1,140.0,375.0,645.0,0.5814,Block Group 1,Tract 55.03,Tract 55.03 Block Group 1
080310023003,80310023003.0,Denver County,002300,3,720.0,1360.0,2265.0,0.6004,Block Group 3,Tract 23,Tract 23 Block Group 3
080310017022,80310017022.0,Denver County,001702,2,680.0,825.0,1910.0,0.4319,Block Group 2,Tract 17.02,Tract 17.02 Block Group 2
080310036012,80310036012.0,Denver County,003601,2,325.0,375.0,630.0,0.5952,Block Group 2,Tract 36.01,Tract 36.01 Block Group 2
080310034012,80310034012.0,Denver County,003401,2,330.0,645.0,1945.0,0.3316,Block Group 2,Tract 34.01,Tract 34.01 Block Group 2
